고객상세,1001,2021-01-04 15:00:00,남,19840506
고객,1001,2021-01-04 15:00:00,고객1,
고객,1002,2021-01-04 15:00:01,고객2,고객1
고객상세,1002,2021-01-04 15:00:01,남,19510504
고객,1003,2021-01-04 15:00:02,고객3,
고객상세,1003,2021-01-04 15:00:02,여,19980209
고객상세,1004,2021-01-04 15:00:03,여,20020301
고객,1004,2021-01-04 15:00:03,고객4,
고객,1005,2021-01-04 15:00:04,고객5,
고객상세,1005,2021-01-04 15:00:04,남,19900509
고객,1006,2021-01-04 15:00:05,고객6,
고객상세,1006,2021-01-04 15:00:05,여,19780608
고객,1007,2021-01-04 15:00:06,고객7,
고객상세,1007,2021-01-04 15:00:06,남,19650305
고객상세,1008,2021-01-04 15:00:07,남,19970302
고객,1008,2021-01-04 15:00:07,고객8,
고객상세,1009,2021-01-04 15:00:08,여,19880504
고객,1009,2021-01-04 15:00:08,고객9,
고객,1010,2021-01-04 15:00:09,고객10,
고객상세,1010,2021-01-04 15:00:09,여,20011225
고객상세,1011,2021-01-04 15:00:10,여,19770808
고객,1011,2021-01-04 15:00:10,고객11,
고객상세,1012,2021-01-04 15:00:11,여,19610504
고객,1012,2021-01-04 15:00:11,고객12,
고객,1013,2021-01-04 15:00:12,고객13,고객3
고객상세,1013,2021-01-04 15:00:12,여,19890909
고객,1014,2021-01-04 15:00:13,고객14,
고객상세,1014,2021-01-04 15:00:13,남,19880305
계좌,333301,2021-01-04 15:00:13,1001,입출금
고객상세,1015,2021-01-04 15:00:14,남,19991230
고객,1015,2021-01-04 15:00:14,고객15,
계좌,333302,2021-01-04 15:00:14,1002,입출금
고객,1016,2021-01-04 15:00:15,고객16,고객9
고객상세,1016,2021-01-04 15:00:15,남,19691225
계좌,333303,2021-01-04 15:00:15,1003,입출금
고객,1017,2021-01-04 15:00:16,고객17,고객3
고객상세,1017,2021-01-04 15:00:16,여,19810520
계좌,333304,2021-01-04 15:00:16,1004,입출금
계좌,333305,2021-01-04 15:00:17,1005,입출금
고객,1018,2021-01-04 15:00:17,고객18,
고객상세,1018,2021-01-04 15:00:17,여,19900320
고객상세,1019,2021-01-04 15:00:18,여,19950201
고객,1019,2021-01-04 15:00:18,고객19,고객14
계좌,333306,2021-01-04 15:00:18,1006,입출금
계좌,333307,2021-01-04 15:00:19,1007,입출금
고객,1020,2021-01-04 15:00:19,고객20,
고객상세,1020,2021-01-04 15:00:19,여,19700309
계좌,333308,2021-01-04 15:00:20,1008,입출금
계좌,333309,2021-01-04 15:00:21,1009,입출금
계좌,333310,2021-01-04 15:00:22,1010,입출금
계좌,333311,2021-01-04 15:00:23,1011,입출금
계좌,333312,2021-01-04 15:00:24,1012,입출금
계좌,333313,2021-01-04 15:00:25,1013,입출금
계좌,333314,2021-01-04 15:00:26,1014,입출금
계좌,333315,2021-01-04 15:00:27,1015,입출금
계좌,333316,2021-01-04 15:00:28,1016,입출금
계좌,333317,2021-01-04 15:00:29,1017,입출금
계좌,333318,2021-01-04 15:00:30,1018,입출금
계좌,333319,2021-01-04 15:00:31,1019,입출금
계좌,333320,2021-01-04 15:00:32,1020,입출금
연결계좌,333321,2021-01-04 15:00:33,333306
계좌,333321,2021-01-04 15:00:33,1006,세이프박스
계좌,333322,2021-01-04 15:00:34,1007,입출금
계좌,333323,2021-01-04 15:00:35,1008,입출금
계좌,333324,2021-01-04 15:00:36,1009,입출금
계좌,333325,2021-01-04 15:00:37,1010,입출금
계좌,333326,2021-01-04 15:00:38,1008,세이프박스
연결계좌,333326,2021-01-04 15:00:38,333308
계좌,333327,2021-01-04 15:00:39,1009,세이프박스
연결계좌,333327,2021-01-04 15:00:39,333309
연결계좌,333328,2021-01-04 15:00:40,333310
계좌,333328,2021-01-04 15:00:40,1010,세이프박스
연결계좌,333329,2021-01-04 15:00:41,333311
계좌,333329,2021-01-04 15:00:41,1011,세이프박스
연결계좌,333330,2021-01-04 15:00:42,333312
계좌,333330,2021-01-04 15:00:42,1012,세이프박스
거래내역,333306,1,2021-01-05 15:00:00,ATM,10089
ATM거래내역,333306,1,2021-01-05 15:00:00,ATM05
거래내역,333325,1,2021-01-05 15:00:01,AUT,66529
자동이체거래내역,333325,1,2021-01-05 15:00:01,월
이체거래내역,333323,1,2021-01-05 15:00:02,수취인1
거래내역,333323,1,2021-01-05 15:00:02,TRN,61466
거래내역,333322,1,2021-01-05 15:00:03,AUT,97598
자동이체거래내역,333322,1,2021-01-05 15:00:03,월
거래내역,333301,1,2021-01-05 15:00:04,ATM,62120
ATM거래내역,333301,1,2021-01-05 15:00:04,ATM04
거래내역,333330,1,2021-01-05 15:00:05,ATM,42366
ATM거래내역,333330,1,2021-01-05 15:00:05,ATM03
이체거래내역,333317,1,2021-01-05 15:00:06,수취인2
거래내역,333317,1,2021-01-05 15:00:06,TRN,69575
거래내역,333314,1,2021-01-05 15:00:07,ATM,96481
ATM거래내역,333314,1,2021-01-05 15:00:07,ATM10
거래내역,333323,2,2021-01-05 15:00:08,TRN,74618
이체거래내역,333323,2,2021-01-05 15:00:08,수취인3
이체거래내역,333304,1,2021-01-05 15:00:09,수취인4
거래내역,333304,1,2021-01-05 15:00:09,TRN,69111
자동이체거래내역,333316,1,2021-01-05 15:00:10,주
거래내역,333316,1,2021-01-05 15:00:10,AUT,71991
이체거래내역,333303,1,2021-01-05 15:00:11,수취인5
거래내역,333303,1,2021-01-05 15:00:11,TRN,62820
거래내역,333330,2,2021-01-05 15:00:12,TRN,73981
이체거래내역,333330,2,2021-01-05 15:00:12,수취인6
거래내역,333320,1,2021-01-05 15:00:13,ATM,58872
ATM거래내역,333320,1,2021-01-05 15:00:13,ATM03
ATM거래내역,333322,2,2021-01-05 15:00:14,ATM07
거래내역,333322,2,2021-01-05 15:00:14,ATM,14497
자동이체거래내역,333310,1,2021-01-05 15:00:15,일
거래내역,333310,1,2021-01-05 15:00:15,AUT,49193
자동이체거래내역,333307,1,2021-01-05 15:00:16,일
거래내역,333307,1,2021-01-05 15:00:16,AUT,5457
거래내역,333310,2,2021-01-05 15:00:17,ATM,82791
ATM거래내역,333310,2,2021-01-05 15:00:17,ATM08
ATM거래내역,333320,2,2021-01-05 15:00:18,ATM08
거래내역,333320,2,2021-01-05 15:00:18,ATM,68970
거래내역,333318,1,2021-01-05 15:00:19,ATM,95330
ATM거래내역,333318,1,2021-01-05 15:00:19,ATM08
거래내역,333324,1,2021-01-05 15:00:20,AUT,64924
자동이체거래내역,333324,1,2021-01-05 15:00:20,월
거래내역,333330,3,2021-01-05 15:00:21,ATM,72529
ATM거래내역,333330,3,2021-01-05 15:00:21,ATM04
거래내역,333327,1,2021-01-05 15:00:22,AUT,21834
자동이체거래내역,333327,1,2021-01-05 15:00:22,월
자동이체거래내역,333319,1,2021-01-05 15:00:23,일
거래내역,333319,1,2021-01-05 15:00:23,AUT,50692
자동이체거래내역,333307,2,2021-01-05 15:00:24,주
거래내역,333307,2,2021-01-05 15:00:24,AUT,11978
이체거래내역,333318,2,2021-01-05 15:00:25,수취인7
거래내역,333318,2,2021-01-05 15:00:25,TRN,78287
거래내역,333310,3,2021-01-05 15:00:26,ATM,62990
ATM거래내역,333310,3,2021-01-05 15:00:26,ATM08
거래내역,333327,2,2021-01-05 15:00:27,ATM,81282
ATM거래내역,333327,2,2021-01-05 15:00:27,ATM10
거래내역,333320,3,2021-01-05 15:00:28,TRN,85808
이체거래내역,333320,3,2021-01-05 15:00:28,수취인8
자동이체거래내역,333320,4,2021-01-06 15:00:29,주
거래내역,333320,4,2021-01-06 15:00:29,AUT,79912
거래내역,333305,1,2021-01-06 15:00:30,TRN,11829
이체거래내역,333305,1,2021-01-06 15:00:30,수취인9
ATM거래내역,333309,1,2021-01-06 15:00:31,ATM03
거래내역,333309,1,2021-01-06 15:00:31,ATM,66468
자동이체거래내역,333321,1,2021-01-06 15:00:32,일
거래내역,333321,1,2021-01-06 15:00:32,AUT,54455
거래내역,333316,2,2021-01-06 15:00:33,ATM,51205
ATM거래내역,333316,2,2021-01-06 15:00:33,ATM01
이체거래내역,333318,3,2021-01-06 15:00:34,수취인10
거래내역,333318,3,2021-01-06 15:00:34,TRN,46284
거래내역,333309,2,2021-01-06 15:00:35,ATM,27960
ATM거래내역,333309,2,2021-01-06 15:00:35,ATM10
자동이체거래내역,333328,1,2021-01-06 15:00:36,주
거래내역,333328,1,2021-01-06 15:00:36,AUT,2737
이체거래내역,333305,2,2021-01-06 15:00:37,수취인11
거래내역,333305,2,2021-01-06 15:00:37,TRN,71816
거래내역,333304,2,2021-01-06 15:00:38,ATM,45938
ATM거래내역,333304,2,2021-01-06 15:00:38,ATM01
거래내역,333310,4,2021-01-06 15:00:39,TRN,10199
이체거래내역,333310,4,2021-01-06 15:00:39,수취인12
이체거래내역,333312,1,2021-01-06 15:00:40,수취인13
거래내역,333312,1,2021-01-06 15:00:40,TRN,4458
거래내역,333302,1,2021-01-06 15:00:41,TRN,65960
이체거래내역,333302,1,2021-01-06 15:00:41,수취인14
자동이체거래내역,333303,2,2021-01-06 15:00:42,월
거래내역,333303,2,2021-01-06 15:00:42,AUT,20838
이체거래내역,333328,2,2021-01-06 15:00:43,수취인15
거래내역,333328,2,2021-01-06 15:00:43,TRN,49047
거래내역,333319,2,2021-01-06 15:00:44,AUT,30487
자동이체거래내역,333319,2,2021-01-06 15:00:44,월
ATM거래내역,333310,5,2021-01-06 15:00:45,ATM05
거래내역,333310,5,2021-01-06 15:00:45,ATM,22690
이체거래내역,333309,3,2021-01-06 15:00:46,수취인16
거래내역,333309,3,2021-01-06 15:00:46,TRN,73911
자동이체거래내역,333311,1,2021-01-06 15:00:47,주
거래내역,333311,1,2021-01-06 15:00:47,AUT,23996
거래내역,333322,3,2021-01-06 15:00:48,TRN,15864
이체거래내역,333322,3,2021-01-06 15:00:48,수취인17
거래내역,333313,1,2021-01-06 15:00:49,ATM,18557
ATM거래내역,333313,1,2021-01-06 15:00:49,ATM04
이체거래내역,333316,3,2021-01-06 15:00:50,수취인18
거래내역,333316,3,2021-01-06 15:00:50,TRN,36820
거래내역,333323,3,2021-01-06 15:00:51,AUT,88008
자동이체거래내역,333323,3,2021-01-06 15:00:51,월
거래내역,333311,2,2021-01-06 15:00:52,TRN,46289
이체거래내역,333311,2,2021-01-06 15:00:52,수취인19
거래내역,333304,3,2021-01-06 15:00:53,TRN,20242
이체거래내역,333304,3,2021-01-06 15:00:53,수취인20
이체거래내역,333308,1,2021-01-06 15:00:54,수취인21
거래내역,333308,1,2021-01-06 15:00:54,TRN,26562
거래내역,333301,2,2021-01-06 15:00:55,AUT,8693
자동이체거래내역,333301,2,2021-01-06 15:00:55,주
자동이체거래내역,333325,2,2021-01-06 15:00:56,월
거래내역,333325,2,2021-01-06 15:00:56,AUT,27212
이체거래내역,333308,2,2021-01-06 15:00:57,수취인22
거래내역,333308,2,2021-01-06 15:00:57,TRN,92098
거래내역,333322,4,2021-01-06 15:00:58,ATM,93302
ATM거래내역,333322,4,2021-01-06 15:00:58,ATM05
이체거래내역,333311,3,2021-01-06 15:00:59,수취인23
거래내역,333311,3,2021-01-06 15:00:59,TRN,34664
자동이체거래내역,333304,4,2021-01-06 15:01:00,일
거래내역,333304,4,2021-01-06 15:01:00,AUT,67165
거래내역,333307,3,2021-01-06 15:01:01,TRN,71538
이체거래내역,333307,3,2021-01-06 15:01:01,수취인24
거래내역,333313,2,2021-01-06 15:01:02,TRN,68677
이체거래내역,333313,2,2021-01-06 15:01:02,수취인25
ATM거래내역,333310,6,2021-01-06 15:01:03,ATM04
거래내역,333310,6,2021-01-06 15:01:03,ATM,21733
자동이체거래내역,333303,3,2021-01-06 15:01:04,주
거래내역,333303,3,2021-01-06 15:01:04,AUT,41079
ATM거래내역,333310,7,2021-01-06 15:01:05,ATM03
거래내역,333310,7,2021-01-06 15:01:05,ATM,3807
거래내역,333318,4,2021-01-07 15:01:06,TRN,78214
이체거래내역,333318,4,2021-01-07 15:01:06,수취인26
거래내역,333303,4,2021-01-07 15:01:07,ATM,15043
ATM거래내역,333303,4,2021-01-07 15:01:07,ATM09
거래내역,333302,2,2021-01-07 15:01:08,ATM,99029
ATM거래내역,333302,2,2021-01-07 15:01:08,ATM02
자동이체거래내역,333304,5,2021-01-07 15:01:09,월
거래내역,333304,5,2021-01-07 15:01:09,AUT,46922
자동이체거래내역,333317,2,2021-01-07 15:01:10,일
거래내역,333317,2,2021-01-07 15:01:10,AUT,51512
이체거래내역,333303,5,2021-01-07 15:01:11,수취인27
거래내역,333303,5,2021-01-07 15:01:11,TRN,85248
이체거래내역,333308,3,2021-01-07 15:01:12,수취인28
거래내역,333308,3,2021-01-07 15:01:12,TRN,51193
자동이체거래내역,333327,3,2021-01-07 15:01:13,일
거래내역,333327,3,2021-01-07 15:01:13,AUT,67427
거래내역,333319,3,2021-01-07 15:01:14,ATM,49501
ATM거래내역,333319,3,2021-01-07 15:01:14,ATM08
거래내역,333303,6,2021-01-07 15:01:15,AUT,59582
자동이체거래내역,333303,6,2021-01-07 15:01:15,일
ATM거래내역,333325,3,2021-01-07 15:01:16,ATM06
거래내역,333325,3,2021-01-07 15:01:16,ATM,90742
이체거래내역,333314,2,2021-01-07 15:01:17,수취인29
거래내역,333314,2,2021-01-07 15:01:17,TRN,48092
거래내역,333310,8,2021-01-07 15:01:18,AUT,29337
자동이체거래내역,333310,8,2021-01-07 15:01:18,주
이체거래내역,333304,6,2021-01-07 15:01:19,수취인30
거래내역,333304,6,2021-01-07 15:01:19,TRN,71901
거래내역,333306,2,2021-01-07 15:01:20,ATM,12993
ATM거래내역,333306,2,2021-01-07 15:01:20,ATM08
이체거래내역,333326,1,2021-01-07 15:01:21,수취인31
거래내역,333326,1,2021-01-07 15:01:21,TRN,19807
ATM거래내역,333319,4,2021-01-07 15:01:22,ATM04
거래내역,333319,4,2021-01-07 15:01:22,ATM,84416
거래내역,333321,2,2021-01-07 15:01:23,ATM,79754
ATM거래내역,333321,2,2021-01-07 15:01:23,ATM03
ATM거래내역,333310,9,2021-01-07 15:01:24,ATM03
거래내역,333310,9,2021-01-07 15:01:24,ATM,51340
거래내역,333316,4,2021-01-07 15:01:25,AUT,11654
자동이체거래내역,333316,4,2021-01-07 15:01:25,월
이체거래내역,333307,4,2021-01-07 15:01:26,수취인32
거래내역,333307,4,2021-01-07 15:01:26,TRN,29473
거래내역,333305,3,2021-01-07 15:01:27,AUT,61070
자동이체거래내역,333305,3,2021-01-07 15:01:27,일
거래내역,333307,5,2021-01-07 15:01:28,ATM,78320
ATM거래내역,333307,5,2021-01-07 15:01:28,ATM10
거래내역,333325,4,2021-01-07 15:01:29,TRN,85503
이체거래내역,333325,4,2021-01-07 15:01:29,수취인33
거래내역,333322,5,2021-01-07 15:01:30,ATM,48916
ATM거래내역,333322,5,2021-01-07 15:01:30,ATM09
ATM거래내역,333313,3,2021-01-07 15:01:31,ATM08
거래내역,333313,3,2021-01-07 15:01:31,ATM,8206
거래내역,333330,4,2021-01-07 15:01:32,ATM,13626
ATM거래내역,333330,4,2021-01-07 15:01:32,ATM05
자동이체거래내역,333308,4,2021-01-07 15:01:33,일
거래내역,333308,4,2021-01-07 15:01:33,AUT,84478
ATM거래내역,333307,6,2021-01-07 15:01:34,ATM05
거래내역,333307,6,2021-01-07 15:01:34,ATM,90283
이체거래내역,333316,5,2021-01-07 15:01:35,수취인34
거래내역,333316,5,2021-01-07 15:01:35,TRN,82957
거래내역,333303,7,2021-01-07 15:01:36,ATM,39961
ATM거래내역,333303,7,2021-01-07 15:01:36,ATM06
ATM거래내역,333303,8,2021-01-07 15:01:37,ATM09
거래내역,333303,8,2021-01-07 15:01:37,ATM,78229
거래내역,333326,2,2021-01-07 15:01:38,TRN,64114
이체거래내역,333326,2,2021-01-07 15:01:38,수취인35
거래내역,333303,9,2021-01-07 15:01:39,ATM,82479
ATM거래내역,333303,9,2021-01-07 15:01:39,ATM05
거래내역,333306,3,2021-01-07 15:01:40,ATM,52334
ATM거래내역,333306,3,2021-01-07 15:01:40,ATM09
거래내역,333301,3,2021-01-07 15:01:41,TRN,32204
이체거래내역,333301,3,2021-01-07 15:01:41,수취인36
거래내역,333306,4,2021-01-07 15:01:42,ATM,6569
ATM거래내역,333306,4,2021-01-07 15:01:42,ATM09
거래내역,333316,6,2021-01-07 15:01:43,ATM,93195
ATM거래내역,333316,6,2021-01-07 15:01:43,ATM04
거래내역,333308,5,2021-01-08 15:01:44,AUT,56734
자동이체거래내역,333308,5,2021-01-08 15:01:44,월
ATM거래내역,333308,6,2021-01-08 15:01:45,ATM03
거래내역,333308,6,2021-01-08 15:01:45,ATM,62984
거래내역,333303,10,2021-01-08 15:01:46,ATM,71727
ATM거래내역,333303,10,2021-01-08 15:01:46,ATM07
ATM거래내역,333314,3,2021-01-08 15:01:47,ATM05
거래내역,333314,3,2021-01-08 15:01:47,ATM,77394
거래내역,333318,5,2021-01-08 15:01:48,TRN,90068
이체거래내역,333318,5,2021-01-08 15:01:48,수취인37
ATM거래내역,333311,4,2021-01-08 15:01:49,ATM03
거래내역,333311,4,2021-01-08 15:01:49,ATM,67196
이체거래내역,333313,4,2021-01-08 15:01:50,수취인38
거래내역,333313,4,2021-01-08 15:01:50,TRN,46818
이체거래내역,333324,2,2021-01-08 15:01:51,수취인39
거래내역,333324,2,2021-01-08 15:01:51,TRN,45528
자동이체거래내역,333303,11,2021-01-08 15:01:52,일
거래내역,333303,11,2021-01-08 15:01:52,AUT,54834
거래내역,333315,1,2021-01-08 15:01:53,AUT,27683
자동이체거래내역,333315,1,2021-01-08 15:01:53,일
거래내역,333319,5,2021-01-08 15:01:54,AUT,25490
자동이체거래내역,333319,5,2021-01-08 15:01:54,일
자동이체거래내역,333314,4,2021-01-08 15:01:55,주
거래내역,333314,4,2021-01-08 15:01:55,AUT,16178
거래내역,333310,10,2021-01-08 15:01:56,ATM,49219
ATM거래내역,333310,10,2021-01-08 15:01:56,ATM05
거래내역,333329,1,2021-01-08 15:01:57,AUT,7299
자동이체거래내역,333329,1,2021-01-08 15:01:57,월
이체거래내역,333302,3,2021-01-08 15:01:58,수취인40
거래내역,333302,3,2021-01-08 15:01:58,TRN,31767
자동이체거래내역,333309,4,2021-01-08 15:01:59,주
거래내역,333309,4,2021-01-08 15:01:59,AUT,55153
ATM거래내역,333302,4,2021-01-08 15:02:00,ATM03
거래내역,333302,4,2021-01-08 15:02:00,ATM,26121
거래내역,333322,6,2021-01-08 15:02:01,ATM,38111
ATM거래내역,333322,6,2021-01-08 15:02:01,ATM08
거래내역,333306,5,2021-01-08 15:02:02,TRN,60478
이체거래내역,333306,5,2021-01-08 15:02:02,수취인41
거래내역,333313,5,2021-01-08 15:02:03,TRN,15413
이체거래내역,333313,5,2021-01-08 15:02:03,수취인42
거래내역,333325,5,2021-01-08 15:02:04,ATM,33065
ATM거래내역,333325,5,2021-01-08 15:02:04,ATM09
거래내역,333302,5,2021-01-08 15:02:05,AUT,1713
자동이체거래내역,333302,5,2021-01-08 15:02:05,주
거래내역,333302,6,2021-01-09 15:02:06,TRN,88720
이체거래내역,333302,6,2021-01-09 15:02:06,수취인43
거래내역,333303,12,2021-01-09 15:02:07,AUT,70288
자동이체거래내역,333303,12,2021-01-09 15:02:07,일
거래내역,333328,3,2021-01-09 15:02:08,TRN,69077
이체거래내역,333328,3,2021-01-09 15:02:08,수취인44
ATM거래내역,333321,3,2021-01-09 15:02:09,ATM05
거래내역,333321,3,2021-01-09 15:02:09,ATM,75050
거래내역,333302,7,2021-01-09 15:02:10,TRN,17294
이체거래내역,333302,7,2021-01-09 15:02:10,수취인45
거래내역,333303,13,2021-01-09 15:02:11,TRN,43874
이체거래내역,333303,13,2021-01-09 15:02:11,수취인46
거래내역,333330,5,2021-01-09 15:02:12,TRN,44251
이체거래내역,333330,5,2021-01-09 15:02:12,수취인47
거래내역,333308,7,2021-01-09 15:02:13,AUT,85314
자동이체거래내역,333308,7,2021-01-09 15:02:13,월
거래내역,333317,3,2021-01-09 15:02:14,ATM,21095
ATM거래내역,333317,3,2021-01-09 15:02:14,ATM07
자동이체거래내역,333307,7,2021-01-09 15:02:15,월
거래내역,333307,7,2021-01-09 15:02:15,AUT,94565
거래내역,333326,3,2021-01-09 15:02:16,AUT,43118
자동이체거래내역,333326,3,2021-01-09 15:02:16,일
자동이체거래내역,333302,8,2021-01-09 15:02:17,월
거래내역,333302,8,2021-01-09 15:02:17,AUT,77383
거래내역,333327,4,2021-01-09 15:02:18,AUT,23071
자동이체거래내역,333327,4,2021-01-09 15:02:18,일
ATM거래내역,333322,7,2021-01-09 15:02:19,ATM03
거래내역,333322,7,2021-01-09 15:02:19,ATM,352
거래내역,333312,2,2021-01-09 15:02:20,ATM,73857
ATM거래내역,333312,2,2021-01-09 15:02:20,ATM06
거래내역,333319,6,2021-01-09 15:02:21,ATM,47755
ATM거래내역,333319,6,2021-01-09 15:02:21,ATM08
ATM거래내역,333318,6,2021-01-09 15:02:22,ATM05
거래내역,333318,6,2021-01-09 15:02:22,ATM,57626
ATM거래내역,333311,5,2021-01-09 15:02:23,ATM01
거래내역,333311,5,2021-01-09 15:02:23,ATM,27794
거래내역,333301,4,2021-01-09 15:02:24,AUT,31968
자동이체거래내역,333301,4,2021-01-09 15:02:24,일
자동이체거래내역,333301,5,2021-01-09 15:02:25,주
거래내역,333301,5,2021-01-09 15:02:25,AUT,40016
거래내역,333309,5,2021-01-09 15:02:26,TRN,56253
이체거래내역,333309,5,2021-01-09 15:02:26,수취인48
거래내역,333304,7,2021-01-09 15:02:27,TRN,40529
이체거래내역,333304,7,2021-01-09 15:02:27,수취인49
거래내역,333320,5,2021-01-09 15:02:28,AUT,19259
자동이체거래내역,333320,5,2021-01-09 15:02:28,일
자동이체거래내역,333323,4,2021-01-09 15:02:29,일
거래내역,333323,4,2021-01-09 15:02:29,AUT,28668
자동이체거래내역,333329,2,2021-01-09 15:02:30,월
거래내역,333329,2,2021-01-09 15:02:30,AUT,70697
ATM거래내역,333329,3,2021-01-09 15:02:31,ATM09
거래내역,333329,3,2021-01-09 15:02:31,ATM,17713
ATM거래내역,333316,7,2021-01-09 15:02:32,ATM10
거래내역,333316,7,2021-01-09 15:02:32,ATM,36802
자동이체거래내역,333326,4,2021-01-09 15:02:33,월
거래내역,333326,4,2021-01-09 15:02:33,AUT,40446
거래내역,333311,6,2021-01-09 15:02:34,ATM,47088
ATM거래내역,333311,6,2021-01-09 15:02:34,ATM01
ATM거래내역,333318,7,2021-01-09 15:02:35,ATM10
거래내역,333318,7,2021-01-09 15:02:35,ATM,7979
거래내역,333321,4,2021-01-09 15:02:36,TRN,13984
이체거래내역,333321,4,2021-01-09 15:02:36,수취인50
자동이체거래내역,333328,4,2021-01-09 15:02:37,주
거래내역,333328,4,2021-01-09 15:02:37,AUT,75303
거래내역,333310,11,2021-01-09 15:02:38,TRN,78251
이체거래내역,333310,11,2021-01-09 15:02:38,수취인51
거래내역,333305,4,2021-01-09 15:02:39,AUT,40273
자동이체거래내역,333305,4,2021-01-09 15:02:39,주
거래내역,333327,5,2021-01-09 15:02:40,TRN,44864
이체거래내역,333327,5,2021-01-09 15:02:40,수취인52
자동이체거래내역,333304,8,2021-01-09 15:02:41,월
거래내역,333304,8,2021-01-09 15:02:41,AUT,92801
거래내역,333310,12,2021-01-09 15:02:42,ATM,90811
ATM거래내역,333310,12,2021-01-09 15:02:42,ATM08
자동이체거래내역,333314,5,2021-01-09 15:02:43,일
거래내역,333314,5,2021-01-09 15:02:43,AUT,49389
거래내역,333323,5,2021-01-09 15:02:44,TRN,77752
이체거래내역,333323,5,2021-01-09 15:02:44,수취인53
거래내역,333323,6,2021-01-09 15:02:45,TRN,23925
이체거래내역,333323,6,2021-01-09 15:02:45,수취인54
거래내역,333315,2,2021-01-09 15:02:46,TRN,68716
이체거래내역,333315,2,2021-01-09 15:02:46,수취인55
이체거래내역,333309,6,2021-01-09 15:02:47,수취인56
거래내역,333309,6,2021-01-09 15:02:47,TRN,51050
거래내역,333316,8,2021-01-09 15:02:48,ATM,44246
ATM거래내역,333316,8,2021-01-09 15:02:48,ATM03
ATM거래내역,333307,8,2021-01-09 15:02:49,ATM08
거래내역,333307,8,2021-01-09 15:02:49,ATM,53176
거래내역,333313,6,2021-01-09 15:02:50,TRN,75443
이체거래내역,333313,6,2021-01-09 15:02:50,수취인57
ATM거래내역,333328,5,2021-01-09 15:02:51,ATM09
거래내역,333328,5,2021-01-09 15:02:51,ATM,19060
ATM거래내역,333301,6,2021-01-09 15:02:52,ATM10
거래내역,333301,6,2021-01-09 15:02:52,ATM,19935
거래내역,333306,6,2021-01-09 15:02:53,TRN,91298
이체거래내역,333306,6,2021-01-09 15:02:53,수취인58
자동이체거래내역,333301,7,2021-01-09 15:02:54,주
거래내역,333301,7,2021-01-09 15:02:54,AUT,13432
자동이체거래내역,333318,8,2021-01-09 15:02:55,월
거래내역,333318,8,2021-01-09 15:02:55,AUT,75364
거래내역,333324,3,2021-01-09 15:02:56,ATM,80558
ATM거래내역,333324,3,2021-01-09 15:02:56,ATM01
이체거래내역,333312,3,2021-01-10 15:02:57,수취인59
거래내역,333312,3,2021-01-10 15:02:57,TRN,25102
자동이체거래내역,333302,9,2021-01-10 15:02:58,일
거래내역,333302,9,2021-01-10 15:02:58,AUT,51188
거래내역,333321,5,2021-01-10 15:02:59,AUT,2775
자동이체거래내역,333321,5,2021-01-10 15:02:59,주
이체거래내역,333325,6,2021-01-10 15:03:00,수취인60
거래내역,333325,6,2021-01-10 15:03:00,TRN,54600
거래내역,333319,7,2021-01-10 15:03:01,TRN,87593
이체거래내역,333319,7,2021-01-10 15:03:01,수취인61
거래내역,333322,8,2021-01-10 15:03:02,ATM,55996
ATM거래내역,333322,8,2021-01-10 15:03:02,ATM01
이체거래내역,333321,6,2021-01-10 15:03:03,수취인62
거래내역,333321,6,2021-01-10 15:03:03,TRN,29668
이체거래내역,333316,9,2021-01-10 15:03:04,수취인63
거래내역,333316,9,2021-01-10 15:03:04,TRN,76163
거래내역,333329,4,2021-01-10 15:03:05,TRN,38968
이체거래내역,333329,4,2021-01-10 15:03:05,수취인64
거래내역,333310,13,2021-01-10 15:03:06,ATM,93356
ATM거래내역,333310,13,2021-01-10 15:03:06,ATM10
거래내역,333315,3,2021-01-10 15:03:07,TRN,16123
이체거래내역,333315,3,2021-01-10 15:03:07,수취인65
거래내역,333326,5,2021-01-10 15:03:08,ATM,10372
ATM거래내역,333326,5,2021-01-10 15:03:08,ATM09
ATM거래내역,333310,14,2021-01-10 15:03:09,ATM03
거래내역,333310,14,2021-01-10 15:03:09,ATM,87036
거래내역,333309,7,2021-01-10 15:03:10,ATM,93003
ATM거래내역,333309,7,2021-01-10 15:03:10,ATM07
거래내역,333309,8,2021-01-10 15:03:11,AUT,91810
자동이체거래내역,333309,8,2021-01-10 15:03:11,주
거래내역,333328,6,2021-01-10 15:03:12,AUT,57706
자동이체거래내역,333328,6,2021-01-10 15:03:12,월
거래내역,333310,15,2021-01-10 15:03:13,AUT,4231
자동이체거래내역,333310,15,2021-01-10 15:03:13,월
이체거래내역,333304,9,2021-01-10 15:03:14,수취인66
거래내역,333304,9,2021-01-10 15:03:14,TRN,35777
거래내역,333308,8,2021-01-10 15:03:15,ATM,57325
ATM거래내역,333308,8,2021-01-10 15:03:15,ATM05
ATM거래내역,333322,9,2021-01-10 15:03:16,ATM02
거래내역,333322,9,2021-01-10 15:03:16,ATM,43297
거래내역,333326,6,2021-01-10 15:03:17,ATM,17630
ATM거래내역,333326,6,2021-01-10 15:03:17,ATM03
ATM거래내역,333316,10,2021-01-10 15:03:18,ATM10
거래내역,333316,10,2021-01-10 15:03:18,ATM,85625
거래내역,333309,9,2021-01-10 15:03:19,AUT,62719
자동이체거래내역,333309,9,2021-01-10 15:03:19,주
거래내역,333322,10,2021-01-10 15:03:20,AUT,62621
자동이체거래내역,333322,10,2021-01-10 15:03:20,주
거래내역,333330,6,2021-01-10 15:03:21,TRN,58233
이체거래내역,333330,6,2021-01-10 15:03:21,수취인67
자동이체거래내역,333326,7,2021-01-10 15:03:22,일
거래내역,333326,7,2021-01-10 15:03:22,AUT,76663
거래내역,333329,5,2021-01-10 15:03:23,ATM,19684
ATM거래내역,333329,5,2021-01-10 15:03:23,ATM10
자동이체거래내역,333303,14,2021-01-10 15:03:24,주
거래내역,333303,14,2021-01-10 15:03:24,AUT,85925
이체거래내역,333324,4,2021-01-10 15:03:25,수취인68
거래내역,333324,4,2021-01-10 15:03:25,TRN,56280
거래내역,333302,10,2021-01-10 15:03:26,ATM,66490
ATM거래내역,333302,10,2021-01-10 15:03:26,ATM05
거래내역,333312,4,2021-01-10 15:03:27,ATM,87110
ATM거래내역,333312,4,2021-01-10 15:03:27,ATM09
거래내역,333303,15,2021-01-10 15:03:28,TRN,20334
이체거래내역,333303,15,2021-01-10 15:03:28,수취인69
자동이체거래내역,333304,10,2021-01-10 15:03:29,월
거래내역,333304,10,2021-01-10 15:03:29,AUT,60463
거래내역,333301,8,2021-01-10 15:03:30,ATM,83859
ATM거래내역,333301,8,2021-01-10 15:03:30,ATM07
이체거래내역,333313,7,2021-01-10 15:03:31,수취인70
거래내역,333313,7,2021-01-10 15:03:31,TRN,93693
거래내역,333316,11,2021-01-10 15:03:32,AUT,90799
자동이체거래내역,333316,11,2021-01-10 15:03:32,일
이체거래내역,333303,16,2021-01-10 15:03:33,수취인71
거래내역,333303,16,2021-01-10 15:03:33,TRN,40649
거래내역,333321,7,2021-01-10 15:03:34,TRN,31298
이체거래내역,333321,7,2021-01-10 15:03:34,수취인72
ATM거래내역,333304,11,2021-01-10 15:03:35,ATM06
거래내역,333304,11,2021-01-10 15:03:35,ATM,25788
이체거래내역,333313,8,2021-01-10 15:03:36,수취인73
거래내역,333313,8,2021-01-10 15:03:36,TRN,28846
자동이체거래내역,333306,7,2021-01-10 15:03:37,월
거래내역,333306,7,2021-01-10 15:03:37,AUT,6089
자동이체거래내역,333309,10,2021-01-10 15:03:38,일
거래내역,333309,10,2021-01-10 15:03:38,AUT,51449
ATM거래내역,333310,16,2021-01-11 15:03:39,ATM09
거래내역,333310,16,2021-01-11 15:03:39,ATM,13918
ATM거래내역,333303,17,2021-01-11 15:03:40,ATM08
거래내역,333303,17,2021-01-11 15:03:40,ATM,51573
ATM거래내역,333301,9,2021-01-11 15:03:41,ATM04
거래내역,333301,9,2021-01-11 15:03:41,ATM,34068
이체거래내역,333306,8,2021-01-11 15:03:42,수취인74
거래내역,333306,8,2021-01-11 15:03:42,TRN,29647
자동이체거래내역,333318,9,2021-01-11 15:03:43,월
거래내역,333318,9,2021-01-11 15:03:43,AUT,97112
거래내역,333318,10,2021-01-11 15:03:44,ATM,72425
ATM거래내역,333318,10,2021-01-11 15:03:44,ATM08
거래내역,333312,5,2021-01-11 15:03:45,AUT,57580
자동이체거래내역,333312,5,2021-01-11 15:03:45,월
거래내역,333316,12,2021-01-11 15:03:46,ATM,84657
ATM거래내역,333316,12,2021-01-11 15:03:46,ATM04
거래내역,333303,18,2021-01-11 15:03:47,AUT,30701
자동이체거래내역,333303,18,2021-01-11 15:03:47,월
자동이체거래내역,333304,12,2021-01-11 15:03:48,일
거래내역,333304,12,2021-01-11 15:03:48,AUT,9943
거래내역,333322,11,2021-01-11 15:03:49,ATM,4834
ATM거래내역,333322,11,2021-01-11 15:03:49,ATM10
거래내역,333318,11,2021-01-11 15:03:50,AUT,94507
자동이체거래내역,333318,11,2021-01-11 15:03:50,일
거래내역,333330,7,2021-01-11 15:03:51,AUT,30221
자동이체거래내역,333330,7,2021-01-11 15:03:51,주
자동이체거래내역,333302,11,2021-01-11 15:03:52,일
거래내역,333302,11,2021-01-11 15:03:52,AUT,51087
거래내역,333325,7,2021-01-11 15:03:53,AUT,18264
자동이체거래내역,333325,7,2021-01-11 15:03:53,일
거래내역,333308,9,2021-01-11 15:03:54,TRN,15010
이체거래내역,333308,9,2021-01-11 15:03:54,수취인75
이체거래내역,333318,12,2021-01-11 15:03:55,수취인76
거래내역,333318,12,2021-01-11 15:03:55,TRN,11788
자동이체거래내역,333308,10,2021-01-11 15:03:56,월
거래내역,333308,10,2021-01-11 15:03:56,AUT,81605
거래내역,333317,4,2021-01-11 15:03:57,AUT,6223
자동이체거래내역,333317,4,2021-01-11 15:03:57,주
이체거래내역,333330,8,2021-01-11 15:03:58,수취인77
거래내역,333330,8,2021-01-11 15:03:58,TRN,74806
거래내역,333302,12,2021-01-11 15:03:59,ATM,97573
ATM거래내역,333302,12,2021-01-11 15:03:59,ATM02
거래내역,333327,6,2021-01-11 15:04:00,ATM,17582
ATM거래내역,333327,6,2021-01-11 15:04:00,ATM08
거래내역,333307,9,2021-01-11 15:04:01,TRN,96624
이체거래내역,333307,9,2021-01-11 15:04:01,수취인78
거래내역,333305,5,2021-01-11 15:04:02,ATM,72706
ATM거래내역,333305,5,2021-01-11 15:04:02,ATM08
거래내역,333330,9,2021-01-11 15:04:03,TRN,3942
이체거래내역,333330,9,2021-01-11 15:04:03,수취인79
거래내역,333304,13,2021-01-11 15:04:04,AUT,59444
자동이체거래내역,333304,13,2021-01-11 15:04:04,월
거래내역,333310,17,2021-01-11 15:04:05,ATM,68547
ATM거래내역,333310,17,2021-01-11 15:04:05,ATM06
이체거래내역,333308,11,2021-01-11 15:04:06,수취인80
거래내역,333308,11,2021-01-11 15:04:06,TRN,60568
이체거래내역,333306,9,2021-01-11 15:04:07,수취인81
거래내역,333306,9,2021-01-11 15:04:07,TRN,19403
이체거래내역,333305,6,2021-01-11 15:04:08,수취인82
거래내역,333305,6,2021-01-11 15:04:08,TRN,42579
거래내역,333310,18,2021-01-11 15:04:09,ATM,35195
ATM거래내역,333310,18,2021-01-11 15:04:09,ATM05
거래내역,333301,10,2021-01-11 15:04:10,AUT,68144
자동이체거래내역,333301,10,2021-01-11 15:04:10,일
거래내역,333327,7,2021-01-11 15:04:11,AUT,9626
자동이체거래내역,333327,7,2021-01-11 15:04:11,월
거래내역,333325,8,2021-01-11 15:04:12,ATM,77148
ATM거래내역,333325,8,2021-01-11 15:04:12,ATM05
ATM거래내역,333317,5,2021-01-11 15:04:13,ATM10
거래내역,333317,5,2021-01-11 15:04:13,ATM,39572
거래내역,333305,7,2021-01-11 15:04:14,ATM,15070
ATM거래내역,333305,7,2021-01-11 15:04:14,ATM04
ATM거래내역,333318,13,2021-01-11 15:04:15,ATM01
거래내역,333318,13,2021-01-11 15:04:15,ATM,57658
거래내역,333311,7,2021-01-11 15:04:16,ATM,53769
ATM거래내역,333311,7,2021-01-11 15:04:16,ATM07
거래내역,333330,10,2021-01-11 15:04:17,ATM,2849
ATM거래내역,333330,10,2021-01-11 15:04:17,ATM02
자동이체거래내역,333304,14,2021-01-12 15:04:18,주
거래내역,333304,14,2021-01-12 15:04:18,AUT,59566
이체거래내역,333316,13,2021-01-12 15:04:19,수취인83
거래내역,333316,13,2021-01-12 15:04:19,TRN,58838
이체거래내역,333321,8,2021-01-12 15:04:20,수취인84
거래내역,333321,8,2021-01-12 15:04:20,TRN,41464
거래내역,333318,14,2021-01-12 15:04:21,ATM,34650
ATM거래내역,333318,14,2021-01-12 15:04:21,ATM10
거래내역,333309,11,2021-01-12 15:04:22,TRN,53464
이체거래내역,333309,11,2021-01-12 15:04:22,수취인85
거래내역,333324,5,2021-01-12 15:04:23,TRN,41994
이체거래내역,333324,5,2021-01-12 15:04:23,수취인86
이체거래내역,333320,6,2021-01-12 15:04:24,수취인87
거래내역,333320,6,2021-01-12 15:04:24,TRN,19567
이체거래내역,333314,6,2021-01-12 15:04:25,수취인88
거래내역,333314,6,2021-01-12 15:04:25,TRN,74337
ATM거래내역,333327,8,2021-01-12 15:04:26,ATM10
거래내역,333327,8,2021-01-12 15:04:26,ATM,8772
거래내역,333305,8,2021-01-12 15:04:27,AUT,81166
자동이체거래내역,333305,8,2021-01-12 15:04:27,일
거래내역,333310,19,2021-01-12 15:04:28,ATM,66282
ATM거래내역,333310,19,2021-01-12 15:04:28,ATM07
거래내역,333330,11,2021-01-12 15:04:29,TRN,82862
이체거래내역,333330,11,2021-01-12 15:04:29,수취인89
거래내역,333309,12,2021-01-12 15:04:30,ATM,32318
ATM거래내역,333309,12,2021-01-12 15:04:30,ATM04
자동이체거래내역,333318,15,2021-01-12 15:04:31,일
거래내역,333318,15,2021-01-12 15:04:31,AUT,95410
ATM거래내역,333306,10,2021-01-12 15:04:32,ATM10
거래내역,333306,10,2021-01-12 15:04:32,ATM,73133
거래내역,333314,7,2021-01-12 15:04:33,ATM,45879
ATM거래내역,333314,7,2021-01-12 15:04:33,ATM01
ATM거래내역,333308,12,2021-01-12 15:04:34,ATM06
거래내역,333308,12,2021-01-12 15:04:34,ATM,51848
자동이체거래내역,333316,14,2021-01-12 15:04:35,월
거래내역,333316,14,2021-01-12 15:04:35,AUT,8151
거래내역,333309,13,2021-01-12 15:04:36,ATM,66768
ATM거래내역,333309,13,2021-01-12 15:04:36,ATM05
자동이체거래내역,333322,12,2021-01-12 15:04:37,주
거래내역,333322,12,2021-01-12 15:04:37,AUT,80525
거래내역,333320,7,2021-01-12 15:04:38,ATM,39526
ATM거래내역,333320,7,2021-01-12 15:04:38,ATM05
거래내역,333304,15,2021-01-12 15:04:39,TRN,52111
이체거래내역,333304,15,2021-01-12 15:04:39,수취인90
자동이체거래내역,333308,13,2021-01-12 15:04:40,주
거래내역,333308,13,2021-01-12 15:04:40,AUT,97415
ATM거래내역,333330,12,2021-01-12 15:04:41,ATM06
거래내역,333330,12,2021-01-12 15:04:41,ATM,60666
거래내역,333305,9,2021-01-12 15:04:42,AUT,36880
자동이체거래내역,333305,9,2021-01-12 15:04:42,월
거래내역,333314,8,2021-01-12 15:04:43,ATM,61030
ATM거래내역,333314,8,2021-01-12 15:04:43,ATM03
자동이체거래내역,333326,8,2021-01-12 15:04:44,월
거래내역,333326,8,2021-01-12 15:04:44,AUT,96734
거래내역,333324,6,2021-01-12 15:04:45,ATM,88382
ATM거래내역,333324,6,2021-01-12 15:04:45,ATM06
거래내역,333325,9,2021-01-12 15:04:46,ATM,99052
ATM거래내역,333325,9,2021-01-12 15:04:46,ATM01
ATM거래내역,333322,13,2021-01-12 15:04:47,ATM08
거래내역,333322,13,2021-01-12 15:04:47,ATM,85153
거래내역,333330,13,2021-01-12 15:04:48,ATM,16900
ATM거래내역,333330,13,2021-01-12 15:04:48,ATM06
이체거래내역,333318,16,2021-01-12 15:04:49,수취인91
거래내역,333318,16,2021-01-12 15:04:49,TRN,43068
거래내역,333306,11,2021-01-12 15:04:50,AUT,5578
자동이체거래내역,333306,11,2021-01-12 15:04:50,일
거래내역,333314,9,2021-01-12 15:04:51,ATM,3943
ATM거래내역,333314,9,2021-01-12 15:04:51,ATM05
거래내역,333308,14,2021-01-12 15:04:52,TRN,37456
이체거래내역,333308,14,2021-01-12 15:04:52,수취인92
이체거래내역,333330,14,2021-01-12 15:04:53,수취인93
거래내역,333330,14,2021-01-12 15:04:53,TRN,33794
ATM거래내역,333312,6,2021-01-12 15:04:54,ATM09
거래내역,333312,6,2021-01-12 15:04:54,ATM,29940
ATM거래내역,333330,15,2021-01-12 15:04:55,ATM05
거래내역,333330,15,2021-01-12 15:04:55,ATM,86472
이체거래내역,333309,14,2021-01-12 15:04:56,수취인94
거래내역,333309,14,2021-01-12 15:04:56,TRN,66800
ATM거래내역,333309,15,2021-01-12 15:04:57,ATM01
거래내역,333309,15,2021-01-12 15:04:57,ATM,65398
거래내역,333328,7,2021-01-12 15:04:58,AUT,20798
자동이체거래내역,333328,7,2021-01-12 15:04:58,월
거래내역,333309,16,2021-01-12 15:04:59,TRN,67670
이체거래내역,333309,16,2021-01-12 15:04:59,수취인95